Generation,Execution,Best Fitness
0,0,57.285643903826795
1,0,57.07701924609894
2,0,48.495692781373286
3,0,52.4262730440181
4,0,37.57846622248341
5,0,44.592585122523374
6,0,35.92371352662302
7,0,31.499348992253932
8,0,33.08515604379279
9,0,34.230713876472706
10,0,29.800590566758604
11,0,26.744365101588375
12,0,19.966085664637273
13,0,17.609286321266246
14,0,24.304330546246053
15,0,20.636249406579843
16,0,26.264430947363458
17,0,33.664765006579714
18,0,31.25388869184307
19,0,16.81866844285223
20,0,36.32625797638186
21,0,35.72651279505975
22,0,15.807384016826285
23,0,11.43777565477238
24,0,7.58125168320792
25,0,10.865426600407606
26,0,17.36672726803089
27,0,16.06592475095598
28,0,17.60252564914092
29,0,18.371939381695498
30,0,12.01651301216808
31,0,9.631703562507647
32,0,5.491050663418527
33,0,12.835403167793807
34,0,12.591237896667254
35,0,11.69782097748802
36,0,10.193801613830258
37,0,4.625714719728789
38,0,10.815209329345047
39,0,16.143425845295823
40,0,10.456697963846468
41,0,24.53982910254025
42,0,20.372770753052315
43,0,18.26829015289222
44,0,16.15290868059073
45,0,15.499739507721438
46,0,16.605189995557613
47,0,11.892806210995069
48,0,12.84966952429701
49,0,20.29137096634903
50,0,12.76419271624503
51,0,9.240500962589433
52,0,9.240500962589433
53,0,7.815488164944099
54,0,7.496667449501407
55,0,7.496667449501407
56,0,12.989888050114661
57,0,4.707822703720276
58,0,5.072165968470551
59,0,4.658376026459118
60,0,4.362878922864666
61,0,3.9713032877936003
62,0,15.0502416503898
63,0,17.762519223953436
64,0,9.676487211363058
65,0,12.19393941173539
66,0,23.7570883681542
67,0,27.830711013994993
68,0,22.61107210957223
69,0,18.088188875689553
70,0,16.626249012881853
71,0,14.417416458012811
72,0,13.542181412236845
73,0,16.915246922784803
74,0,16.92521060680182
75,0,18.82056878045681
76,0,19.069854062729803
77,0,13.552959744790344
78,0,15.183469090626714
79,0,15.666709633548486
80,0,13.390569545360876
81,0,21.00203486493305
82,0,12.870615430493828
83,0,15.631245799687093
84,0,11.962730808660815
85,0,12.739491113109626
86,0,9.922188951683916
87,0,17.452071447569203
88,0,15.84756651497107
89,0,10.1452307916322
90,0,10.216214794732874
91,0,10.470078356642661
92,0,4.980380930774406
93,0,1.3242051685464367
94,0,4.446573859378044
95,0,4.939080883561078
96,0,12.202085350786032
97,0,20.08681711785575
98,0,20.05183655136691
99,0,3.0711784106283777
0,1,43.95326002841654
1,1,46.60885294501542
2,1,49.014152381951554
3,1,33.26574853568764
4,1,48.443506995724974
5,1,0.5359651052573292
6,1,33.38037850689953
7,1,19.121289601876473
8,1,42.107702682381195
9,1,42.21151094728543
10,1,16.76829771854517
11,1,20.27525167977285
12,1,28.313412265725397
13,1,27.54736293564283
14,1,16.369068900688305
15,1,15.777258925735904
16,1,15.83333287280915
17,1,32.65738448305496
18,1,29.52468405153686
19,1,22.70127562106362
20,1,14.102532741595159
21,1,9.528485454309095
22,1,9.528485454309095
23,1,11.008917385782517
24,1,7.5097333878633385
25,1,18.972393509318728
26,1,21.01883456506753
27,1,12.633361526420346
28,1,12.810804886429693
29,1,13.217551131814743
30,1,14.633447878516828
31,1,15.300254895058634
32,1,17.539551516269505
33,1,15.626318022310784
34,1,18.77839643175366
35,1,6.732492283284406
36,1,17.921712484889856
37,1,14.903495985813095
38,1,14.787653257512687
39,1,7.65934558610327
40,1,6.187473982844413
41,1,9.323212078380674
42,1,7.464150039487211
43,1,7.464150039487211
44,1,8.529902669339542
45,1,10.26181581244115
46,1,8.973386305217176
47,1,8.154280564577489
48,1,6.6850631685133575
49,1,6.754673537982065
50,1,21.15526276512265
51,1,10.008542910135041
52,1,10.837543806246078
53,1,6.568924711019693
54,1,6.675759982993575
55,1,11.06147406526917
56,1,14.238038285477687
57,1,10.45426586659578
58,1,8.89192138314417
59,1,10.619253301793144
60,1,10.997683682119685
61,1,13.588615783945258
62,1,9.860912518904366
63,1,10.602419207172474
64,1,10.589485021878298
65,1,10.372113418132075
66,1,10.428717846217124
67,1,9.286701034248487
68,1,8.894822810051405
69,1,12.454419572235965
70,1,11.868301556408936
71,1,7.895956685898448
72,1,17.591509943501826
73,1,15.55626640793334
74,1,16.140226388283892
75,1,15.472329520835629
76,1,4.916092334299349
77,1,4.916092334299349
78,1,6.369304143025892
79,1,17.290996039564664
80,1,22.03130350819592
81,1,28.784894302051836
82,1,5.135545014830013
83,1,16.21579974006667
84,1,11.769532081820023
85,1,8.946613898424587
86,1,12.362074365895104
87,1,31.037454196131637
88,1,25.835785586104947
89,1,25.07606710956599
90,1,33.95679851973077
91,1,23.20391978678895
92,1,15.961641860922455
93,1,12.364778018844955
94,1,12.319288484584304
95,1,15.083904789953278
96,1,16.319680274984965
97,1,6.627073956678111
98,1,6.627073956678111
99,1,19.924647172039727
0,2,57.5875366952698
1,2,55.5132339056613
2,2,29.440675674618575
3,2,6.913735760129602
4,2,7.897922681235675
5,2,17.565285692281215
6,2,10.97196686770053
7,2,9.58181992188078
8,2,24.018474740988196
9,2,12.542798329278561
10,2,12.542798329278561
11,2,12.929240347079912
12,2,8.885441085137256
13,2,8.139097011317505
14,2,10.09815066124272
15,2,8.799842338567062
16,2,9.885814367197874
17,2,9.7317706254115
18,2,9.7317706254115
19,2,9.968332843486179
20,2,3.2222734452071315
21,2,5.838676045973688
22,2,10.321715631013106
23,2,3.1430373193697725
24,2,2.858915206107887
25,2,13.083213473933329
26,2,10.50846622604706
27,2,13.486625958611233
28,2,14.257037125153936
29,2,2.6312897637138657
30,2,15.712170176608861
31,2,12.632485111063449
32,2,15.282315349800239
33,2,12.12684243044627
34,2,25.135490124891884
35,2,30.716676298730146
36,2,21.16007869997278
37,2,20.625519979923254
38,2,16.552082073136276
39,2,6.93566691405767
40,2,18.219539827720585
41,2,32.50308849499398
42,2,24.321194911331066
43,2,14.320136973256119
44,2,18.877007495322808
45,2,18.877007495322808
46,2,18.877007495322808
47,2,19.08954283858167
48,2,16.601335775841598
49,2,16.23973695538406
50,2,15.280574072972748
51,2,18.80573953981911
52,2,2.0090516321747134
53,2,2.0090516321747134
54,2,3.0133219211177167
55,2,11.174203906057429
56,2,3.854233483710606
57,2,6.22294457084128
58,2,9.687575210729921
59,2,9.925118138463558
60,2,12.377700736718026
61,2,16.001212231346475
62,2,25.345267870825413
63,2,9.087364660771293
64,2,14.86304197653686
65,2,8.08675227911421
66,2,8.08346416643464
67,2,32.44653370732976
68,2,17.71022564589137
69,2,21.149070799810303
70,2,13.824079555676693
71,2,20.157255967909546
72,2,4.293702661808716
73,2,12.528021969305863
74,2,14.335447019578186
75,2,14.88174364390623
76,2,14.826312593345708
77,2,15.045702259597036
78,2,15.027714013174714
79,2,14.729495470136982
80,2,14.523308963392354
81,2,14.480960738484532
82,2,8.49600814400407
83,2,11.19553376704102
84,2,11.099379609065883
85,2,10.735759486300527
86,2,12.369691059881442
87,2,18.557718442431423
88,2,16.485739080045455
89,2,23.293346297547338
90,2,9.086991848620878
91,2,8.937394567465759
92,2,11.190732814645045
93,2,9.691910256853205
94,2,20.898966104190688
95,2,18.548235665432564
96,2,8.322028683013155
97,2,8.322028683013155
98,2,8.322028683013155
99,2,8.322028683013155
0,3,56.270459868795925
1,3,70.31283871335819
2,3,53.07749323436464
3,3,45.1262859007593
4,3,23.91125086328644
5,3,23.91125086328644
6,3,24.942454517225546
7,3,12.21800773588008
8,3,11.211857779566078
9,3,10.999064349107028
10,3,18.453441751142364
11,3,22.997967222671313
12,3,11.768665336904538
13,3,11.469366033093335
14,3,9.757644517967798
15,3,9.757644517967798
16,3,16.76982885599834
17,3,15.637046086117172
18,3,9.347803291900902
19,3,22.05523378966192
20,3,27.569730272852567
21,3,13.270601584103733
22,3,3.0111246430754446
23,3,8.775262396789131
24,3,17.43011528487963
25,3,25.49656006922229
26,3,34.65486529696412
27,3,34.18799617288626
28,3,13.857975767667744
29,3,10.01120084541498
30,3,18.94372197823078
31,3,17.96581749231937
32,3,13.42278071859894
33,3,13.655846586656986
34,3,13.702637299953864
35,3,13.702637299953864
36,3,12.869221737767885
37,3,12.549342174042762
38,3,16.13175844954155
39,3,0.01941747287915261
40,3,21.146947583311007
41,3,20.95590035913423
42,3,10.022680747165634
43,3,12.227375764028919
44,3,20.212967330533694
45,3,1.8051832695499102
46,3,2.5911357585522277
47,3,2.4600851413679186
48,3,14.757628584844827
49,3,3.6492064328046783
50,3,4.094674344989053
51,3,4.836145322875661
52,3,3.211291919562774
53,3,3.344825959941953
54,3,4.878889568791313
55,3,4.786256234331791
56,3,10.49741765126552
57,3,5.293817465953011
58,3,6.624416349334478
59,3,4.957882931397219
60,3,6.007330509935157
61,3,4.791136594047845
62,3,3.7934062439128677
63,3,4.838001185191556
64,3,4.08664501826126
65,3,4.08664501826126
66,3,4.498993189666407
67,3,5.626699229953404
68,3,5.595426878035354
69,3,4.290210558692701
70,3,5.595426878035354
71,3,22.455809500953066
72,3,14.529032379150506
73,3,14.529032379150506
74,3,21.58382342772635
75,3,11.826358547348944
76,3,7.546822426595625
77,3,11.532252948143547
78,3,9.945073982617778
79,3,14.285832601323722
80,3,14.131498135242225
81,3,12.223481773088668
82,3,4.729048564556729
83,3,4.635709029878978
84,3,4.293379988035247
85,3,3.86418322883992
86,3,5.6728858967345985
87,3,7.237215271999068
88,3,7.954370320896131
89,3,14.408784081028276
90,3,8.411943054279494
91,3,8.411943054279494
92,3,8.42717838783157
93,3,15.767483497251824
94,3,17.041402499286264
95,3,4.754329379980497
96,3,6.146998013297646
97,3,4.982388192767411
98,3,4.982388192767411
99,3,15.333307936294462
0,4,47.441548571420284
1,4,57.97148134615599
2,4,48.2568821780347
3,4,38.46317527199522
4,4,32.64702336953708
5,4,24.17347061947472
6,4,42.914472030640994
7,4,44.836653433229955
8,4,22.049277855286952
9,4,19.785287391031368
10,4,19.785287391031368
11,4,23.209972955918214
12,4,16.534308714453594
13,4,26.370324765280948
14,4,11.488601149621559
15,4,13.021440079781794
16,4,11.778800917712541
17,4,10.363935104270192
18,4,10.512552414161187
19,4,4.9528176010255685
20,4,7.287391146185682
21,4,8.578678303515265
22,4,16.460963881073493
23,4,7.0377625474949586
24,4,10.600318280407349
25,4,6.402570044084005
26,4,10.562469962275639
27,4,5.924728130437573
28,4,10.071146584771082
29,4,21.713042428320154
30,4,25.943245686411363
31,4,14.492840723068438
32,4,13.128743097929844
33,4,17.422717431719054
34,4,11.813077897282296
35,4,3.2268879816871316
36,4,15.323580475517318
37,4,19.14427439772212
38,4,19.855113731080856
39,4,19.104076352728292
40,4,17.533219328058678
41,4,13.782312267564128
42,4,20.5731359590937
43,4,15.290516316566434
44,4,16.738134672049117
45,4,19.898288663569584
46,4,20.481937268741326
47,4,24.841507625307308
48,4,18.76538787204669
49,4,9.333405805955268
50,4,12.975389389729248
51,4,6.067582687664533
52,4,19.975370864870882
53,4,26.640665167194115
54,4,14.732689021901802
55,4,13.151389542112067
56,4,18.708170772081047
57,4,12.737842069804724
58,4,12.737842069804724
59,4,19.066620688759887
60,4,25.463828567952433
61,4,20.912203824611858
62,4,16.25297723376588
63,4,14.106464573104354
64,4,19.23020535278509
65,4,20.515513155494254
66,4,15.914039478281643
67,4,14.875561990386505
68,4,9.9145887574232
69,4,12.307932339044513
70,4,1.811329607092686
71,4,13.36213886174882
72,4,15.443852206713416
73,4,15.612270062166086
74,4,17.248815578369967
75,4,7.9905154784824255
76,4,14.017984954178335
77,4,5.129060622678563
78,4,20.21387491341777
79,4,9.379572311625486
80,4,18.114817713370613
81,4,14.738622229211693
82,4,7.356912997739668
83,4,19.876412193684978
84,4,18.619834008015847
85,4,20.225312195016528
86,4,19.36043287915991
87,4,18.803171438102442
88,4,18.65154679603257
89,4,19.931462127401478
90,4,17.118826597912047
91,4,20.660550295027836
92,4,17.219941765216554
93,4,15.691193787224826
94,4,16.57268946631773
95,4,16.07745673347866
96,4,13.707750257463163
97,4,16.609585200714985
98,4,16.609585200714985
99,4,8.055148755596978
0,5,42.30093573654163
1,5,41.48804865615531
2,5,40.479470415216
3,5,54.376860984807834
4,5,39.065375859803595
5,5,30.671866304496408
6,5,26.994585491801455
7,5,35.81653596151934
8,5,27.11555478563129
9,5,30.115073601961146
10,5,30.115073601961146
11,5,28.826913494302953
12,5,17.77230002806428
13,5,14.724791400872054
14,5,14.724791400872054
15,5,14.141272604881912
16,5,10.649782552174742
17,5,23.45172199276432
18,5,25.906243347796057
19,5,23.148621481606163
20,5,24.90975191936556
21,5,21.17628613392053
22,5,10.391531382758407
23,5,28.304665873121444
24,5,29.916196052883045
25,5,25.883863440106687
26,5,19.93071843436672
27,5,6.427627780847797
28,5,6.107815758045277
29,5,20.76405638821712
30,5,27.503169387281023
31,5,27.135923140251915
32,5,18.42061238898806
33,5,38.12559275213627
34,5,19.349262650028237
35,5,17.495513189847955
36,5,30.755367224660233
37,5,29.18370490254756
38,5,26.94277097330065
39,5,28.417583862969146
40,5,24.684967971268556
41,5,10.368376457225667
42,5,32.802912683892565
43,5,35.509150447762494
44,5,21.02727229165733
45,5,24.761158101328625
46,5,19.205321635130446
47,5,19.96804553624803
48,5,18.603515183097755
49,5,11.945856872532271
50,5,22.852189145343967
51,5,27.73492833314185
52,5,23.20597780907792
53,5,23.825693937023434
54,5,21.43703065297084
55,5,25.75794963846026
56,5,15.519925051617951
57,5,15.071260618600462
58,5,18.81460353730226
59,5,21.5468630215818
60,5,30.4613029020152
61,5,30.966241362096767
62,5,14.782674297412573
63,5,11.265881124957087
64,5,18.173846204459185
65,5,14.229188088229833
66,5,20.17292109141205
67,5,9.510707722623726
68,5,18.62914144784263
69,5,14.800526414234135
70,5,23.12198562095929
71,5,18.77772634938162
72,5,30.54279088566829
73,5,10.879188142159778
74,5,9.56512825684005
75,5,10.415315450802275
76,5,10.415315450802275
77,5,10.046292601887918
78,5,15.841940325240355
79,5,15.841940325240355
80,5,12.539894871489098
81,5,18.730367697089484
82,5,16.089598474630616
83,5,16.071024310820825
84,5,11.344090030639377
85,5,10.902387951322185
86,5,10.902387951322185
87,5,16.885351989879382
88,5,3.520511013636935
89,5,15.299956321962343
90,5,6.409776070890011
91,5,3.372529589959801
92,5,13.99167995307295
93,5,12.610233592361675
94,5,13.284860172923386
95,5,16.528172014666286
96,5,9.68878299965841
97,5,11.961586543896455
98,5,23.29584936540969
99,5,14.006589466170025
0,6,44.565306726418285
1,6,50.62649305784933
2,6,46.408074297433714
3,6,38.70006921815125
4,6,39.138564119012976
5,6,38.675242734547346
6,6,39.19592774858312
7,6,37.05709040375827
8,6,19.02773363520383
9,6,19.47945905187739
10,6,15.948383412388411
11,6,15.44964229163813
12,6,9.947611257094643
13,6,4.407864914199054
14,6,15.993371571981575
15,6,17.287806262443873
16,6,11.379724321032821
17,6,18.88842190910914
18,6,18.96655121449103
19,6,24.175499924136897
20,6,22.68682884891335
21,6,23.965367310888016
22,6,8.150816945216496
23,6,16.391053937583344
24,6,15.887440594130592
25,6,16.265832803884116
26,6,11.61328317333486
27,6,17.718570071552538
28,6,16.287002161385907
29,6,19.74382133070405
30,6,18.599970244902934
31,6,20.310537929016693
32,6,16.94072074335661
33,6,16.72174655091931
34,6,14.24683606705598
35,6,16.844599463771388
36,6,13.89192017020917
37,6,3.7157489860126507
38,6,8.35233912846393
39,6,18.58586246610754
40,6,20.01767957849735
41,6,24.194249626401334
42,6,6.74630254722468
43,6,6.74630254722468
44,6,22.633002630981554
45,6,13.02282549737744
46,6,13.48688480056168
47,6,16.624680893664596
48,6,33.96372410378949
49,6,18.76404755769191
50,6,12.83300214231975
51,6,12.83300214231975
52,6,7.489235958274998
53,6,12.738467844856467
54,6,17.1636918684956
55,6,15.41590701481008
56,6,8.77791313640396
57,6,3.080618119043222
58,6,11.984339015602252
59,6,11.984339015602252
60,6,20.55753997172198
61,6,18.20028522336306
62,6,11.756297154194657
63,6,11.23284454969431
64,6,10.965426289125931
65,6,10.654185424124082
66,6,15.028262521925958
67,6,8.604657978945854
68,6,11.18460526347579
69,6,13.39589533786679
70,6,24.992359852760465
71,6,14.743362783033362
72,6,11.523287177612577
73,6,12.24196016021978
74,6,22.702815278997832
75,6,11.261098162265338
76,6,11.240722056728211
77,6,10.991708432315313
78,6,14.486604839541055
79,6,11.012544031126442
80,6,18.47724507359049
81,6,15.074552637217533
82,6,20.047571297378347
83,6,17.32467414936362
84,6,8.461375169633957
85,6,13.348297582845204
86,6,26.692759568925553
87,6,19.225238352470814
88,6,29.47621519716155
89,6,22.719584285116724
90,6,24.72018689034925
91,6,24.975824880370897
92,6,8.026445132317361
93,6,15.865922555868522
94,6,18.49075126695354
95,6,21.572221976634786
96,6,21.572221976634786
97,6,11.838616715487738
98,6,9.984247634463626
99,6,26.339124743886792
0,7,47.1018829421787
1,7,34.52322187990701
2,7,35.724703622211976
3,7,29.40826072186447
4,7,1.1035946486265387
5,7,29.845130790401257
6,7,34.31301036784927
7,7,3.134405732853006
8,7,22.295890878989383
9,7,24.423003878685197
10,7,17.32252453506669
11,7,22.85035367624235
12,7,28.96632987319011
13,7,25.258016958234133
14,7,27.14871465331527
15,7,3.842942022599915
16,7,3.842942022599915
17,7,4.657301198441307
18,7,4.46848585492534
19,7,4.46848585492534
20,7,2.0202258803789097
21,7,2.0202258803789097
22,7,6.884955631795637
23,7,19.25724062375666
24,7,23.970805058191484
25,7,7.3234161421065895
26,7,8.086332215322502
27,7,24.152669563918003
28,7,18.914801599046804
29,7,1.8907178998944174
30,7,1.8907178998944174
31,7,3.898978136146352
32,7,4.973533849412765
33,7,6.813905358331664
34,7,8.88958389926987
35,7,4.997717647692312
36,7,5.491423938749368
37,7,2.593772995687167
38,7,0.84408910322885
39,7,3.8890402147763528
40,7,0.4380158261636166
41,7,10.24081039118728
42,7,1.3441298665548849
43,7,1.1672204589006236
44,7,5.44548750809209
45,7,1.4854413844517955
46,7,1.219959993300478
47,7,1.219959993300478
48,7,1.310906158998391
49,7,0.8053459266012486
50,7,1.310906158998391
51,7,21.557369683564303
52,7,6.478532923322403
53,7,18.884241138016378
54,7,21.657028794700572
55,7,4.991856622954444
56,7,7.521503779318451
57,7,7.521503779318451
58,7,10.263813781649036
59,7,19.47794206958896
60,7,8.38919621175684
61,7,15.530066762423223
62,7,15.57052037319869
63,7,10.83129753462588
64,7,10.744978753534804
65,7,10.030434995264176
66,7,5.126094697345151
67,7,2.8491883574792523
68,7,11.189701328783453
69,7,8.342838205198428
70,7,5.737494275046636
71,7,5.422784966319804
72,7,8.438300091220263
73,7,4.359567808744927
74,7,4.53524700332434
75,7,4.075036174641958
76,7,6.034232164231307
77,7,5.43504221634878
78,7,7.704635695926926
79,7,2.4482729173907805
80,7,5.3474820359124555
81,7,4.57093447715927
82,7,1.656862521554995
83,7,1.656862521554995
84,7,16.452898365421607
85,7,9.019051329872173
86,7,16.062671801359635
87,7,3.0161246103108503
88,7,15.281620059927548
89,7,25.22976043603659
90,7,20.158223336205353
91,7,20.66872693229674
92,7,20.66872693229674
93,7,18.067472909189195
94,7,9.827518247407342
95,7,10.036593136704754
96,7,14.39234798086946
97,7,2.583973603676147
98,7,3.8805564594363777
99,7,1.1678858037015036
0,8,57.816515132524685
1,8,32.341063126205974
2,8,25.72376320234033
3,8,25.72376320234033
4,8,30.356095229143442
5,8,22.352182401122946
6,8,28.139568133266426
7,8,11.724766414424757
8,8,5.780682929991199
9,8,13.576339495737887
10,8,13.931722880846046
11,8,13.916930878995608
12,8,24.89170663704531
13,8,1.4518408183638554
14,8,14.531197421369715
15,8,22.74766030062158
16,8,11.728770879182353
17,8,19.008359474427987
18,8,11.777250753157865
19,8,14.458329558868398
20,8,15.16046532061488
21,8,15.546020562854885
22,8,11.246524903017344
23,8,16.099745553189493
24,8,10.582111849846605
25,8,14.173663909767752
26,8,11.195222289549722
27,8,31.393944591122807
28,8,11.458120761311166
29,8,11.458120761311166
30,8,6.049532089000838
31,8,6.049532089000838
32,8,18.98119444063799
33,8,9.723301116399366
34,8,9.067301169410984
35,8,17.32999968675728
36,8,18.641840489922085
37,8,30.67874884006007
38,8,19.691293462941033
39,8,20.356782602172363
40,8,27.379929637658723
41,8,32.39440546491501
42,8,9.595715805282692
43,8,15.743224439243477
44,8,10.835319094451352
45,8,8.622613174292985
46,8,8.622613174292985
47,8,8.622613174292985
48,8,15.38629020101781
49,8,15.38629020101781
50,8,13.662810402079405
51,8,8.870281036227865
52,8,7.453363476862775
53,8,7.08812054992087
54,8,17.544232137672875
55,8,15.064847799677239
56,8,29.302260792614213
57,8,16.714644481651884
58,8,12.488642097684233
59,8,24.78447640222681
60,8,10.218312077555801
61,8,6.555659864856601
62,8,7.010402095458739
63,8,18.523041122742473
64,8,10.918943335328073
65,8,9.61651203828994
66,8,10.12067891726359
67,8,5.790530414809002
68,8,23.44978126096911
69,8,23.36229600783608
70,8,25.31229773557202
71,8,23.576258976815424
72,8,23.576258976815424
73,8,13.058922432364067
74,8,10.781966450611696
75,8,23.92803042509398
76,8,22.717564422317608
77,8,28.64933582037103
78,8,26.14008818466312
79,8,21.414202835714896
80,8,12.247341521977182
81,8,1.7229129423600928
82,8,0.9450248294774131
83,8,13.529035396238472
84,8,18.550147982280794
85,8,22.21047290658658
86,8,13.22239372842482
87,8,20.58522957960289
88,8,23.457118176729075
89,8,19.50484525318894
90,8,20.779091129371334
91,8,19.327811196845104
92,8,21.878032642164428
93,8,6.085689291292591
94,8,3.1811344051826635
95,8,12.234790257274883
96,8,10.655490953677203
97,8,4.511290223966698
98,8,4.183516611611138
99,8,19.068160391062534
0,9,33.963787141672746
1,9,38.778867251539246
2,9,39.42481634392168
3,9,32.889398627561675
4,9,22.059667563785737
5,9,18.580470852651807
6,9,18.580470852651807
7,9,22.937844597032168
8,9,23.28257757559795
9,9,14.753626311406169
10,9,14.753626311406169
11,9,14.93904698938099
12,9,21.44846753526098
13,9,14.279625908581629
14,9,3.5914693012067525
15,9,4.005072990748778
16,9,3.855543529532403
17,9,19.573173281736192
18,9,20.348035759666224
19,9,9.624345883232044
20,9,12.630352728760176
21,9,15.889387382956883
22,9,12.057709535259264
23,9,12.057709535259264
24,9,15.072967789564471
25,9,14.118673751080204
26,9,6.310564342227753
27,9,8.974745245845888
28,9,15.48793671846519
29,9,26.875165413012457
30,9,18.05759813648792
31,9,15.150221371378384
32,9,14.005487525403101
33,9,14.407079879550796
34,9,10.475297662480283
35,9,3.59180275403743
36,9,15.769628149950314
37,9,7.068543728971347
38,9,18.58504778893912
39,9,17.964627367250355
40,9,14.263587674677618
41,9,19.100161639563094
42,9,17.642211300236827
43,9,12.067627996306461
44,9,13.803620474218022
45,9,17.47229064982987
46,9,17.47229064982987
47,9,6.634686058323004
48,9,5.8871111517865895
49,9,6.074867139738263
50,9,6.074867139738263
51,9,7.462795320877073
52,9,13.336665897760128
53,9,13.511314643294886
54,9,11.250145732459742
55,9,13.864308511852641
56,9,14.629705654417386
57,9,11.421493803011238
58,9,9.12124235783153
59,9,11.835229015166753
60,9,15.391244674699596
61,9,5.3390309059959815
62,9,25.264421516638706
63,9,15.207838443241918
64,9,37.14935135919872
65,9,14.826453689609972
66,9,30.63269672952316
67,9,5.343962658151977
68,9,8.982751688368639
69,9,2.1032156532228776
70,9,1.7373504875282406
71,9,7.840916158558162
72,9,1.5697081970052627
73,9,3.6082354673347266
74,9,14.378419471444662
75,9,5.986840184244797
76,9,11.649316857286331
77,9,19.68662452943338
78,9,15.595367357108824
79,9,13.801483305761444
80,9,13.046004313793645
81,9,8.16530447248162
82,9,8.414303298301578
83,9,12.840104268990498
84,9,6.4436984826917305
85,9,26.732699687138982
86,9,11.870459979238653
87,9,11.870459979238653
88,9,6.16223237078141
89,9,15.955553673975402
90,9,12.318951810050777
91,9,12.598418513936121
92,9,18.49282741999553
93,9,11.71728100754537
94,9,12.134644073318707
95,9,15.192523608214834
96,9,11.932067048554845
97,9,7.586660406795938
98,9,6.957902713172565
99,9,28.479080775330978
0,10,47.524809632770136
1,10,47.524809632770136
2,10,47.524809632770136
3,10,56.633977193831704
4,10,30.26663910815538
5,10,30.26663910815538
6,10,43.659202290509356
7,10,41.082939063041906
8,10,45.3853793329372
9,10,46.062643323312656
10,10,22.323413077653726
11,10,22.323413077653726
12,10,22.54744618043773
13,10,28.94386655579485
14,10,25.01789333151445
15,10,13.182136793053814
16,10,25.09804629728626
17,10,18.98691999470929
18,10,33.97869593226157
19,10,4.037275225258258
20,10,12.134438741735725
21,10,28.33392599854359
22,10,7.874370349398724
23,10,17.20634861255914
24,10,30.891087337597693
25,10,30.287701581826678
26,10,28.727820807192355
27,10,29.339422319605
28,10,26.87132325146669
29,10,23.884301670473622
30,10,20.04706727267217
31,10,23.57960056997442
32,10,10.491667049495906
33,10,11.593074495074056
34,10,18.514842289998708
35,10,14.934474596472974
36,10,21.270716913746394
37,10,25.211612829361613
38,10,21.9285340413147
39,10,21.2858920071943
40,10,19.33943212592621
41,10,13.142613909871123
42,10,14.500231710000875
43,10,14.191419752845468
44,10,13.343727642894795
45,10,11.963615399011294
46,10,23.02734501107436
47,10,21.17707632984168
48,10,28.40474489365641
49,10,19.852441597728017
50,10,26.53094478788071
51,10,21.021014160117446
52,10,14.77880449384389
53,10,19.49081222589192
54,10,18.96427150066516
55,10,18.714011159567786
56,10,19.876308927794454
57,10,14.114562333065113
58,10,13.802970383636714
59,10,20.040911984900553
60,10,20.040911984900553
61,10,20.785646743204126
62,10,20.785646743204126
63,10,13.824753790495269
64,10,16.865947816064967
65,10,31.474419102712965
66,10,26.83490764159871
67,10,31.773178567615798
68,10,32.307666791855475
69,10,30.341410479186955
70,10,22.010262536967957
71,10,17.582963355304386
72,10,17.62139409905887
73,10,19.795645475660297
74,10,25.279026858839156
75,10,7.157898938859828
76,10,7.157898938859828
77,10,7.157898938859828
78,10,6.931167306929347
79,10,19.66750233967535
80,10,16.751725953243202
81,10,19.92302844824995
82,10,28.62566909090203
83,10,11.918159872209626
84,10,22.36694858462215
85,10,16.49857766381953
86,10,17.166936314617672
87,10,12.744169212589137
88,10,11.116825804827034
89,10,12.152757984404158
90,10,24.510439848194252
91,10,12.559740761446967
92,10,13.93683682327539
93,10,12.516979713443414
94,10,13.750516086331409
95,10,14.964991041955727
96,10,14.004842546657654
97,10,12.840492290237904
98,10,12.883978040568676
99,10,10.659189001564766
0,11,42.16732637217463
1,11,38.839309053490325
2,11,38.53180994657596
3,11,49.69956563466158
4,11,46.66898081249358
5,11,27.49701059152251
6,11,22.681010358185567
7,11,7.199010419223281
8,11,16.673598405920334
9,11,11.617002350660421
10,11,7.552481875840512
11,11,16.306158798285434
12,11,3.985255241938467
13,11,3.985255241938467
14,11,5.5173397972709655
15,11,8.597495573266915
16,11,9.81247895230819
17,11,20.463579898071252
18,11,23.87907073303554
19,11,18.94155939699654
20,11,2.797455802506866
21,11,32.791715989890456
22,11,12.171076069604862
23,11,22.680832600849538
24,11,8.630407879213488
25,11,7.099406772353576
26,11,10.455118601901008
27,11,8.781063126485265
28,11,16.990225448426855
29,11,10.183973389781444
30,11,12.902468058714444
31,11,15.113373673855932
32,11,22.192014317568038
33,11,36.24533929885842
34,11,20.100397432350313
35,11,10.68055171786475
36,11,26.37266158789985
37,11,18.537294541452713
38,11,18.537294541452713
39,11,28.21159484203947
40,11,15.323282005198186
41,11,18.43985701003824
42,11,10.225185429917234
43,11,10.474256106016314
44,11,5.099830537559252
45,11,13.338176018059762
46,11,14.205584611886767
47,11,11.723247968587359
48,11,8.745663246058326
49,11,13.058950364046648
50,11,11.5439226710416
51,11,20.48370099077198
52,11,17.026252509396443
53,11,8.386605327399955
54,11,12.14024413930288
55,11,8.22149725517123
56,11,21.01085276154324
57,11,14.983977567033953
58,11,10.348724573777583
59,11,17.064791400345044
60,11,22.567637413605823
61,11,13.584859838902531
62,11,13.60994612293872
63,11,9.120518710370714
64,11,16.67146664678529
65,11,16.22972816377729
66,11,13.83118133406723
67,11,16.311488392246673
68,11,18.44047450755799
69,11,18.789779636086415
70,11,15.169836451351163
71,11,24.60538486973052
72,11,16.8777235507823
73,11,20.81273627869844
74,11,13.999026982212346
75,11,28.674941196092746
76,11,12.970098049186795
77,11,24.254347489819416
78,11,16.98215803411557
79,11,24.148764262188568
80,11,13.863648250092716
81,11,19.076866901983873
82,11,10.866697431080029
83,11,16.37890625930516
84,11,28.47370510555951
85,11,33.55832430544833
86,11,39.846745193604335
87,11,18.76156573915482
88,11,21.90143989006921
89,11,31.302130584004193
90,11,17.4559003659827
91,11,30.581458657611936
92,11,18.94916553701444
93,11,28.228881825836883
94,11,20.255994209637645
95,11,17.74595215898672
96,11,21.19462516260351
97,11,23.87445136285739
98,11,23.87445136285739
99,11,20.109949533696646
0,12,45.58106108393204
1,12,39.187367055448824
2,12,29.732317336427897
3,12,44.668930016147726
4,12,38.421375735433685
5,12,30.49113013238746
6,12,9.419083268690642
7,12,17.315526229342716
8,12,8.156540839002647
9,12,12.865981167785243
10,12,25.11921337770704
11,12,11.137471733905683
12,12,6.617090788675771
13,12,6.619712127930245
14,12,4.708651662261105
15,12,5.340087363403098
16,12,22.198663088563663
17,12,21.521526513874875
18,12,19.501468043838987
19,12,20.664951983859165
20,12,9.274859755802458
21,12,14.79213127512265
22,12,14.31933464239819
23,12,14.647966485475695
24,12,16.286323315457473
25,12,12.706627953879256
26,12,10.320134310661238
27,12,17.353511018185255
28,12,7.976180193765346
29,12,11.397312258867302
30,12,9.67188490186609
31,12,7.489054162175257
32,12,7.489054162175257
33,12,9.553665587875642
34,12,10.067311323746331
35,12,12.616378316281372
36,12,7.209250133318646
37,12,10.965391487229098
38,12,11.30513055445181
39,12,12.731032472392041
40,12,16.106199286559374
41,12,29.017670071577072
42,12,29.209522533522893
43,12,10.899880356705062
44,12,15.351555714296868
45,12,11.537410496021142
46,12,11.82819856713439
47,12,23.36267016936557
48,12,23.36267016936557
49,12,27.163779450304084
50,12,28.49767472501649
51,12,28.49767472501649
52,12,22.883742388338383
53,12,12.81092617068644
54,12,19.59171296461297
55,12,24.98723462238249
56,12,20.785834378552924
57,12,18.56272950439729
58,12,24.385753287011013
59,12,7.921684987585668
60,12,14.047430287474551
61,12,23.72221246561986
62,12,13.110140585604242
63,12,15.8794364469683
64,12,16.45086209697027
65,12,19.672097678537963
66,12,13.984012669178858
67,12,9.831355428941752
68,12,20.458253436128896
69,12,25.40069008306662
70,12,0.4530222796644556
71,12,0.4530222796644556
72,12,6.0406001235061595
73,12,6.416517745155622
74,12,11.078632571931909
75,12,2.025373394264491
76,12,3.9078004344963886
77,12,3.9078004344963886
78,12,6.28047329231089
79,12,6.28047329231089
80,12,7.477123158729977
81,12,7.477123158729977
82,12,19.840811480752862
83,12,0.6413877269678576
84,12,2.4845417102485827
85,12,2.4845417102485827
86,12,2.63498631804178
87,12,13.20644041752669
88,12,6.537621950732781
89,12,14.141878729331552
90,12,3.748155665971608
91,12,3.526731148093434
92,12,2.2896615402229608
93,12,11.154623576287744
94,12,13.570571173954596
95,12,13.570571173954596
96,12,13.592460803720046
97,12,11.775346150566
98,12,1.332895296784217
99,12,8.048501511424732
0,13,28.608110653851952
1,13,46.88846866162932
2,13,32.28697146476013
3,13,24.100926089158243
4,13,33.93514602602318
5,13,26.26187682966617
6,13,10.261233640018608
7,13,27.823792067672017
8,13,18.424980914544136
9,13,17.334034444993566
10,13,20.586928635363016
11,13,36.451622151399235
12,13,24.888651082834798
13,13,24.35381633455041
14,13,24.35381633455041
15,13,17.180475123934656
16,13,8.77495190173061
17,13,16.618586157750713
18,13,23.231899578154096
19,13,29.54503393658276
20,13,21.29954358924083
21,13,24.405719878850128
22,13,23.549626704828484
23,13,15.035642989165527
24,13,15.007476640086418
25,13,15.442050011147225
26,13,6.2430912221901025
27,13,5.161074292417131
28,13,7.258553690475016
29,13,1.842900436317376
30,13,3.182071348921204
31,13,18.84460960816199
32,13,0.06444023841773934
33,13,0.17457768709861554
34,13,12.764088523025562
35,13,12.458251484325299
36,13,12.412063070083606
37,13,12.412063070083606
38,13,11.28788968557305
39,13,11.862577921359414
40,13,12.467387162319698
41,13,26.628354826966895
42,13,20.37444987447728
43,13,11.08903841429369
44,13,10.182275869895015
45,13,14.862696238933392
46,13,14.862696238933392
47,13,14.862696238933392
48,13,14.862696238933392
49,13,2.348927485604034
50,13,4.712833591381125
51,13,20.596479497278274
52,13,16.316856943834907
53,13,20.83174391417643
54,13,24.168441371468923
55,13,23.642216344606467
56,13,8.856989872640955
57,13,8.511449463728061
58,13,8.511449463728061
59,13,11.991983251780143
60,13,7.883089910262672
61,13,14.249576985094787
62,13,27.35207988762513
63,13,28.351026183767964
64,13,34.284667211657215
65,13,25.302400402855483
66,13,24.872525799311642
67,13,25.121111839706682
68,13,25.424786483848482
69,13,16.42850629044414
70,13,17.11976429963846
71,13,17.683133890021196
72,13,16.98416068676992
73,13,21.204914564644163
74,13,23.13250979565256
75,13,25.008106554022685
76,13,28.703998030926435
77,13,30.566602135068678
78,13,21.24281116630478
79,13,21.24281116630478
80,13,32.62677697091394
81,13,6.004587503950487
82,13,6.05749846969176
83,13,23.618054364346992
84,13,18.600990672718517
85,13,16.711092376194323
86,13,16.57199615820629
87,13,16.191969325370497
88,13,6.487346086983712
89,13,7.072598870913971
90,13,5.085039521969838
91,13,5.085039521969838
92,13,6.782956526607844
93,13,7.809702419597899
94,13,10.551628738535417
95,13,4.96646100947768
96,13,4.346229636067386
97,13,24.593531301024008
98,13,24.88916275342527
99,13,28.01065721449677
0,14,52.277832852341476
1,14,36.749012239390446
2,14,36.6503148774953
3,14,13.441128378379712
4,14,11.972648293574887
5,14,11.972648293574887
6,14,27.814771836870598
7,14,14.313039655860504
8,14,28.118785550746505
9,14,24.855287349664437
10,14,25.16107083087666
11,14,8.335867849817877
12,14,6.49522960776649
13,14,14.23503547494322
14,14,15.097863790507983
15,14,37.223591236571835
16,14,29.357133107284977
17,14,13.151342173178294
18,14,13.3267923183905
19,14,19.776442600929645
20,14,15.612251344950796
21,14,15.612251344950796
22,14,10.114104092920888
23,14,8.566577305976669
24,14,10.554242827096228
25,14,10.554242827096228
26,14,29.301004798564918
27,14,32.48244838326821
28,14,23.27379411529249
29,14,11.597875048413197
30,14,11.504539532752025
31,14,1.0756692748462564
32,14,0.5126965514114048
33,14,6.441037690068157
34,14,7.174545822234371
35,14,13.998612127301328
36,14,15.371365252355268
37,14,3.705326822804988
38,14,8.701539010866714
39,14,14.654339114263642
40,14,24.212206592749137
41,14,15.789736806496645
42,14,9.252238103267572
43,14,18.429016398967317
44,14,8.463538877554258
45,14,5.6032567402958575
46,14,12.154092675771992
47,14,4.68126980459977
48,14,3.589010836459816
49,14,3.589010836459816
50,14,4.0124554932306715
51,14,9.821669224590575
52,14,5.525584882537439
53,14,12.866760939933007
54,14,11.012018374828493
55,14,18.79835726634841
56,14,14.642578063306502
57,14,21.80949994352409
58,14,18.28796021592304
59,14,18.28796021592304
60,14,18.42680531416203
61,14,15.116053013377114
62,14,18.57887671420701
63,14,18.214880325886014
64,14,21.44371790026309
65,14,22.658729586425167
66,14,22.19115688309712
67,14,24.798546768289004
68,14,21.463083701999835
69,14,26.662121348387714
70,14,25.6956516596507
71,14,8.052614810090969
72,14,16.05988255188677
73,14,16.05988255188677
74,14,8.017458149412953
75,14,8.484436945513586
76,14,8.369830123686421
77,14,6.848046765985132
78,14,14.479729279845571
79,14,29.048808338259278
80,14,6.284315391374329
81,14,13.982911783604017
82,14,13.237470536055547
83,14,22.00242955657205
84,14,14.981414852819787
85,14,9.365700868124849
86,14,14.772562998058715
87,14,18.55716986321625
88,14,14.147494162236994
89,14,5.089163606396619
90,14,15.454812111787533
91,14,13.304340874900392
92,14,7.837435403364532
93,14,8.746719529201789
94,14,32.86053803215135
95,14,12.647242835066233
96,14,4.651417937350962
97,14,7.949620187503526
98,14,6.406446564797484
99,14,2.487896955815197
0,15,54.75382980022555
1,15,54.75382980022555
2,15,53.55839319902415
3,15,41.54242817047295
4,15,50.9047784228504
5,15,47.579284855011245
6,15,50.959578099613914
7,15,47.76971569523922
8,15,42.39762573247085
9,15,41.38238659068958
10,15,43.80081929173474
11,15,23.93744052583486
12,15,29.071666506828585
13,15,39.10932052483198
14,15,32.54769788366715
15,15,32.819866501482096
16,15,37.55204032079228
17,15,47.266903245655506
18,15,15.749615827038664
19,15,10.14497252539183
20,15,30.050459812368764
21,15,44.594133935235185
22,15,46.36679658297003
23,15,46.37585948754873
24,15,29.64279218283542
25,15,19.655566780591354
26,15,16.58036763048563
27,15,31.94648393224438
28,15,23.91433897844396
29,15,27.57462435814607
30,15,27.57462435814607
31,15,24.22085144449055
32,15,15.66006112489988
33,15,18.191626175295994
34,15,21.465102153911374
35,15,9.594650517513243
36,15,12.351297219587572
37,15,6.477975332957705
38,15,6.072775996269554
39,15,8.999694657922197
40,15,7.27370641599539
41,15,10.653294079184327
42,15,0.639443971109274
43,15,4.110972778706153
44,15,11.901677257699527
45,15,11.847149407921409
46,15,11.777449984490044
47,15,22.628267903087366
48,15,30.97297464161554
49,15,14.728024432088711
50,15,26.912810736330865
51,15,1.6838304013458756
52,15,1.6838304013458756
53,15,8.992299126409504
54,15,11.225818892379928
55,15,14.840329552548745
56,15,20.93497074810355
57,15,10.029251561233616
58,15,9.61976798185163
59,15,11.484807384200604
60,15,4.431632851113303
61,15,11.19220619344838
62,15,15.272716682605225
63,15,13.086909244378003
64,15,17.75622338892517
65,15,19.32245210939346
66,15,10.11526185049281
67,15,9.630731092310949
68,15,12.845478159567653
69,15,7.767154971505968
70,15,2.2232916752844574
71,15,15.509655312079547
72,15,12.322070478554657
73,15,18.599963009772985
74,15,7.30361507048809
75,15,7.788721681303865
76,15,7.788721681303865
77,15,7.588461154292771
78,15,7.131138622646428
79,15,13.845956131061683
80,15,12.010930093996397
81,15,13.424889655629013
82,15,33.796092100132036
83,15,25.718464575636794
84,15,23.692738231032813
85,15,11.239265868018329
86,15,9.463315937759656
87,15,10.917052638651338
88,15,10.223333558961134
89,15,10.79471553842727
90,15,19.096581235752204
91,15,14.375928829888172
92,15,11.54263684948199
93,15,13.02428242540829
94,15,0.7216618428606816
95,15,7.672321198419405
96,15,5.454455845891263
97,15,7.670893754659058
98,15,6.267820860667613
99,15,20.490548416194635
0,16,77.88258141096601
1,16,46.417134516147954
2,16,29.52833288867509
3,16,25.456701604911572
4,16,25.456701604911572
5,16,27.17973593387274
6,16,38.81499181217568
7,16,40.20798317962435
8,16,19.868004277731345
9,16,23.018353762855114
10,16,24.183575984811757
11,16,10.067852193206502
12,16,9.229777510468132
13,16,9.062351585285402
14,16,21.27412811778182
15,16,14.572654727184357
16,16,10.671413768421228
17,16,13.786554728854945
18,16,0.248828674932621
19,16,1.1661660993773384
20,16,13.22987128615294
21,16,7.209120208866792
22,16,9.08938394064764
23,16,6.453449250806782
24,16,7.007933260135004
25,16,11.355004489482658
26,16,15.09428343338045
27,16,13.663346149772945
28,16,13.663346149772945
29,16,15.98485167980881
30,16,17.9286581073117
31,16,9.72577870333003
32,16,14.952488229611035
33,16,9.68033011206346
34,16,15.735391030451567
35,16,8.18857792962093
36,16,13.03144887900328
37,16,17.55060911132698
38,16,12.133193682544956
39,16,19.739605431957212
40,16,6.914539799286136
41,16,18.372294389839233
42,16,6.364565627164434
43,16,3.3276672782688332
44,16,3.3276672782688332
45,16,10.853384715662983
46,16,9.430367025706026
47,16,18.33356303243001
48,16,17.857841333212196
49,16,22.286423522753683
50,16,6.6328320229859745
51,16,5.47211950088332
52,16,6.27907454688634
53,16,15.195215193835875
54,16,12.500421963591775
55,16,10.55489570200261
56,16,17.22075718567627
57,16,17.22075718567627
58,16,19.412170096601102
59,16,19.32269977694041
60,16,22.84274816062254
61,16,20.374311622863864
62,16,30.025527610351787
63,16,24.154692839179113
64,16,19.750100919355976
65,16,10.226486459896604
66,16,17.282551745184605
67,16,16.199845437872014
68,16,23.265748374975924
69,16,15.508240644131075
70,16,20.661092822599734
71,16,15.931319921737826
72,16,20.577304551371675
73,16,16.558328659767877
74,16,18.39375235703742
75,16,12.151529435511813
76,16,19.28327373734434
77,16,18.965262227446626
78,16,16.30138729626115
79,16,18.965262227446626
80,16,9.205524580613858
81,16,8.877122886878563
82,16,14.446165620941187
83,16,27.177019040212038
84,16,24.635425959075057
85,16,9.88624758590542
86,16,10.530137480448525
87,16,15.69451504542792
88,16,8.780861213584776
89,16,2.989122994747885
90,16,2.989122994747885
91,16,9.042207312000633
92,16,8.745298956976825
93,16,11.466952777498694
94,16,1.8281496442466694
95,16,18.859817175621888
96,16,9.896031736973466
97,16,5.715227367933273
98,16,5.524622480487311
99,16,11.149975003018403
0,17,34.37152236130072
1,17,34.22033122468541
2,17,27.659453324200328
3,17,36.08099098818783
4,17,31.64934485068263
5,17,34.03646277797022
6,17,33.336401630908036
7,17,36.82967083655803
8,17,35.60381964634435
9,17,29.280317600117634
10,17,14.005032881842983
11,17,8.78037040732897
12,17,32.514646064317446
13,17,27.49408657252303
14,17,30.977769820107216
15,17,35.748415828206596
16,17,29.55074057679225
17,17,23.05524633938294
18,17,21.549983364971876
19,17,15.824020652327222
20,17,14.322332027341101
21,17,27.055489266884827
22,17,13.090571067200806
23,17,1.296860665043721
24,17,30.625018465764523
25,17,36.168756778200986
26,17,16.145427672745456
27,17,16.145427672745456
28,17,20.501412119227858
29,17,21.915676513303048
30,17,9.25714546840997
31,17,8.411956439204761
32,17,15.370621699088908
33,17,10.343415717383646
34,17,21.515167268320607
35,17,26.418592278299275
36,17,15.699830842055096
37,17,11.373370083862689
38,17,22.401420968569266
39,17,19.049569473466782
40,17,25.843147278908084
41,17,26.813598729750698
42,17,24.81257773948826
43,17,26.484520403847892
44,17,25.78716862287708
45,17,15.743108343940168
46,17,23.522345382968357
47,17,24.357189551977214
48,17,15.220961600771833
49,17,5.029424490983613
50,17,3.4268224002383927
51,17,10.427604490983192
52,17,5.313149324106822
53,17,4.987941242537948
54,17,5.2023173788061685
55,17,3.7255788596244352
56,17,9.17060862072678
57,17,7.402100079063167
58,17,7.324742552383833
59,17,9.162302134138612
60,17,10.446664430627962
61,17,9.106551738358133
62,17,11.065062989933933
63,17,8.734413026278654
64,17,17.804220557488406
65,17,9.457976251222615
66,17,6.661875967018747
67,17,5.706793850131122
68,17,2.7289318283526627
69,17,1.0051094491601211
70,17,10.15029964701056
71,17,12.964105652312323
72,17,11.450192447023255
73,17,12.463729469192552
74,17,8.166623894559292
75,17,8.166623894559292
76,17,6.441359395176867
77,17,19.81115339162052
78,17,13.704098523499816
79,17,13.69614073972664
80,17,16.95606569333516
81,17,18.525081683585938
82,17,11.040104166680845
83,17,7.644589480450501
84,17,10.129698620413219
85,17,14.197596560327082
86,17,7.433483542420672
87,17,12.214950508803717
88,17,5.9779116522954965
89,17,5.544516092505745
90,17,11.60082246856518
91,17,12.482135906582876
92,17,5.797659142617998
93,17,6.021045221884356
94,17,5.893867668301733
95,17,5.893867668301733
96,17,5.106447474885939
97,17,6.5020352124489
98,17,16.532318545798873
99,17,4.55430718079739
0,18,57.86909770533525
1,18,52.78410842860323
2,18,52.0700102696017
3,18,46.02960901219524
4,18,50.76023406015997
5,18,40.983546579166706
6,18,36.411751429480645
7,18,34.32228994785467
8,18,45.58986413130632
9,18,15.981481882138853
10,18,34.24180427662961
11,18,39.0445617962123
12,18,22.969480708066335
13,18,38.44571788514967
14,18,38.483962848524236
15,18,43.16848889718963
16,18,35.811257709214225
17,18,19.110212134096475
18,18,32.540066645947014
19,18,32.540066645947014
20,18,31.026154620731518
21,18,31.96167687413356
22,18,20.292211840344567
23,18,20.292211840344567
24,18,20.09092499603828
25,18,24.55487174404351
26,18,23.844166907508864
27,18,23.844166907508864
28,18,22.58188481072245
29,18,19.84357357710318
30,18,21.36573438884812
31,18,21.36573438884812
32,18,26.125007564114398
33,18,25.256688239043108
34,18,18.180448854026295
35,18,25.386023118794512
36,18,27.06265222332263
37,18,31.931296361996893
38,18,28.438813540371793
39,18,28.174267647442665
40,18,45.19477910431982
41,18,21.60732356026226
42,18,12.001798480664803
43,18,12.001798480664803
44,18,4.661412666698268
45,18,29.059311596022358
46,18,24.854620210303572
47,18,27.688394288843146
48,18,32.688609095265676
49,18,8.917302525452161
50,18,12.496794795014978
51,18,25.52412866143657
52,18,20.419052573456888
53,18,18.248219218712265
54,18,16.608336262782267
55,18,21.63864290408906
56,18,18.20574912822271
57,18,10.324716806021609
58,18,1.6752330937655253
59,18,9.291328177608069
60,18,12.64334946668982
61,18,23.636917388696283
62,18,15.082362377733357
63,18,7.45088339263927
64,18,31.313557789879532
65,18,26.71122992808057
66,18,19.63072301183976
67,18,24.014087809117424
68,18,8.03415476547709
69,18,14.153692623215452
70,18,27.57329497624362
71,18,17.970344238696896
72,18,13.795009884207538
73,18,11.469526313747448
74,18,11.682476875213078
75,18,9.26995333891098
76,18,15.352448625719413
77,18,15.535940880642777
78,18,12.57154289268984
79,18,13.167366739056297
80,18,16.657759160418266
81,18,16.708672617165977
82,18,21.06812016034387
83,18,18.745966924635553
84,18,14.43387050294065
85,18,30.824168212741874
86,18,22.231793820381135
87,18,22.231793820381135
88,18,30.77000874937749
89,18,22.46728658748371
90,18,25.076919846095283
91,18,21.375682222489413
92,18,29.873538509552887
93,18,34.176324974628805
94,18,13.777217072480415
95,18,13.777217072480415
96,18,7.463139301147051
97,18,19.172486340900477
98,18,9.790871289082574
99,18,7.587168742413542
0,19,52.472724540562844
1,19,33.87229204742923
2,19,32.96246053805633
3,19,32.96246053805633
4,19,35.25458960366541
5,19,22.928706348105237
6,19,17.487719432438737
7,19,4.485806343683977
8,19,7.2676398038438705
9,19,8.747124526796261
10,19,21.476186108858997
11,19,17.90315568951688
12,19,19.838334237040986
13,19,9.315770807442396
14,19,13.49002987402029
15,19,9.025100187916818
16,19,24.496102744652624
17,19,17.108143501114146
18,19,15.656348278974493
19,19,15.656348278974493
20,19,9.667440569255502
21,19,20.65140151104895
22,19,21.776935422126964
23,19,8.325369677812356
24,19,13.746295131349205
25,19,13.693009148575468
26,19,6.206423243294008
27,19,20.06250396648278
28,19,20.88834629353039
29,19,19.505704967359087
30,19,13.88647643028073
31,19,19.955307423879855
32,19,25.35963668008792
33,19,20.132389305617295
34,19,26.86562188854004
35,19,22.078364590797914
36,19,22.078364590797914
37,19,21.38382065648614
38,19,27.946587468813558
39,19,26.26927508093782
40,19,23.812045978117386
41,19,27.55148401760573
42,19,17.647955356047312
43,19,25.08934533113206
44,19,12.776931308035053
45,19,23.81275881576456
46,19,5.044094016074239
47,19,14.862557816111135
48,19,8.276069119797793
49,19,11.379032709813249
50,19,6.312808659497552
51,19,6.3623167332505295
52,19,12.553040449610359
53,19,12.553040449610359
54,19,13.679653146948109
55,19,13.9243244402575
56,19,20.002002206963123
57,19,17.536065668499216
58,19,11.495078499909209
59,19,11.495078499909209
60,19,14.625254320145382
61,19,23.629242864743887
62,19,19.9347665043924
63,19,12.865186667550233
64,19,12.883815349189215
65,19,19.25331394838339
66,19,24.642135551353505
67,19,12.546116078327657
68,19,13.505837692572532
69,19,13.505837692572532
70,19,13.505837692572532
71,19,6.036286844758653
72,19,11.746206067988425
73,19,10.942949864320294
74,19,14.223735284741792
75,19,13.923971112182723
76,19,10.030425675333138
77,19,5.399606512234682
78,19,11.742434073205306
79,19,11.478670406935045
80,19,13.5907875566495
81,19,13.5907875566495
82,19,19.758945019115394
83,19,5.967023567256865
84,19,5.967023567256865
85,19,5.518319252927344
86,19,6.085350026140838
87,19,10.820041219208347
88,19,4.035902957205397
89,19,4.035902957205397
90,19,6.17393365216445
91,19,14.468447116043126
92,19,27.74055753007683
93,19,10.03452018373917
94,19,20.77925459714363
95,19,16.98063657712852
96,19,7.875424921152001
97,19,18.23925874993912
98,19,14.250100435414227
99,19,9.273770878548802
0,20,65.76675156264017
1,20,69.54218974479515
2,20,27.177046762446295
3,20,37.93766171815351
4,20,29.17412917366993
5,20,29.17412917366993
6,20,29.084890795828223
7,20,21.94567555821577
8,20,26.977974822694495
9,20,37.35010396770291
10,20,29.168653966605305
11,20,40.189657295279105
12,20,38.66700996394948
13,20,32.21691380970865
14,20,37.59926516759947
15,20,18.476219234300622
16,20,21.735222853360796
17,20,38.56189813880981
18,20,28.272955521539227
19,20,33.83028778904776
20,20,40.055331957608004
21,20,26.16831624991498
22,20,31.581023166828544
23,20,30.731669914229986
24,20,12.665614245416629
25,20,7.596183492274532
26,20,18.191847584574
27,20,14.418637261008428
28,20,26.778760239376645
29,20,17.829833776106703
30,20,26.0181999142456
31,20,25.46456172683704
32,20,28.562956656299196
33,20,35.314506364119204
34,20,35.422962483724426
35,20,38.50544856666516
36,20,25.710054614230245
37,20,19.1298869853141
38,20,16.744339505284184
39,20,12.297368233481418
40,20,14.741079285466387
41,20,14.734472277497504
42,20,9.724335300671378
43,20,19.48099262411888
44,20,8.240581384506017
45,20,10.21223373447933
46,20,23.331760501713497
47,20,5.563034940922158
48,20,9.009793748072187
49,20,12.956622187691451
50,20,10.91835705035183
51,20,18.548172015625997
52,20,12.604490856076135
53,20,19.5493247164727
54,20,18.104296389505745
55,20,4.433826384506153
56,20,2.8704643901763407
57,20,2.601018423478648
58,20,2.3231268496215383
59,20,9.976339294056922
60,20,13.162494879697384
61,20,8.915956846085475
62,20,4.913630129868862
63,20,3.185666488676745
64,20,3.185666488676745
65,20,3.17876657462856
66,20,13.393636504175117
67,20,16.112555592862442
68,20,10.143858323759465
69,20,11.348968177967897
70,20,0.5375856246523432
71,20,11.67940481606884
72,20,13.730307250169584
73,20,16.754123720391213
74,20,2.6385836443457458
75,20,4.465526682945752
76,20,1.1130611028643755
77,20,8.426144505947422
78,20,8.034470510335856
79,20,7.924989258933118
80,20,9.035839448198235
81,20,8.35869028274244
82,20,9.63657876759677
83,20,8.198238450234925
84,20,27.023950252268516
85,20,21.39917091679459
86,20,18.827220365654412
87,20,21.08458991021304
88,20,16.962353687624898
89,20,17.590124793962964
90,20,21.84437083498963
91,20,18.61765639525671
92,20,18.61765639525671
93,20,6.389489571598356
94,20,14.628375241949957
95,20,10.4331752190821
96,20,12.373619566859544
97,20,13.332347799833485
98,20,12.717849751895551
99,20,12.638448039555666
0,21,67.9741490203254
1,21,22.435457642941252
2,21,48.75540223138859
3,21,52.43938803342212
4,21,39.87310606353304
5,21,56.91919500460786
6,21,56.079818356669584
7,21,56.079818356669584
8,21,59.23942986597015
9,21,51.4978173559221
10,21,47.80232948351706
11,21,41.73359608478807
12,21,21.98330998573153
13,21,21.88317822570571
14,21,24.087343442069333
15,21,37.79182706969064
16,21,18.206216928507963
17,21,29.077113573678833
18,21,28.402252841374718
19,21,20.006017641039808
20,21,14.884105111776028
21,21,11.839550849833689
22,21,10.536944975886263
23,21,14.954345505087591
24,21,15.56130825896408
25,21,16.356681572443613
26,21,17.121366305518173
27,21,6.761494715474713
28,21,12.339460907037612
29,21,7.1971786064886665
30,21,12.72502014169718
31,21,13.877432314884357
32,21,20.129778796584887
33,21,7.182642842937481
34,21,20.900246524466393
35,21,15.538763785455437
36,21,15.966051450873366
37,21,5.403800759851036
38,21,24.22664269724623
39,21,8.70741832920914
40,21,13.386271257408506
41,21,8.850908813537897
42,21,6.050079119802229
43,21,6.050079119802229
44,21,11.51916360327851
45,21,6.793280822708974
46,21,6.70788388141565
47,21,2.8900805430180743
48,21,4.201414833917944
49,21,5.565755041979492
50,21,12.301762303976567
51,21,11.037269858110042
52,21,11.037269858110042
53,21,21.12935644872038
54,21,5.562964022875205
55,21,6.625027506475371
56,21,17.93268319174651
57,21,17.72509429594917
58,21,16.777827633346575
59,21,16.777827633346575
60,21,13.906782376009549
61,21,11.714698087566852
62,21,12.157146718916529
63,21,8.679284679672474
64,21,26.98343885802023
65,21,12.737959130782402
66,21,4.356159489480995
67,21,17.209130299041973
68,21,21.815169788318993
69,21,19.581971676132135
70,21,14.885518948251143
71,21,5.051860665509643
72,21,5.010455155717748
73,21,33.56702765587637
74,21,27.666979080278008
75,21,25.328034152271307
76,21,17.6970363571255
77,21,4.060938644272246
78,21,8.74036943620282
79,21,2.0665779094401384
80,21,7.222427972294358
81,21,3.8399336321635316
82,21,3.033379020543695
83,21,2.7616075671425717
84,21,1.1230821714844565
85,21,8.264647178588993
86,21,12.566021377262627
87,21,8.556752600517589
88,21,8.556752600517589
89,21,17.316687493795648
90,21,6.825893689866879
91,21,5.384485875478165
92,21,8.76721108836002
93,21,1.8458152666749919
94,21,16.22247020596837
95,21,11.614357923227784
96,21,16.57559869737732
97,21,16.971450648284037
98,21,12.134230311295124
99,21,15.388556968283643
0,22,70.71558778520195
1,22,30.734004502490997
2,22,30.111169452987802
3,22,40.47013180223104
4,22,45.537197955675396
5,22,36.004895164498556
6,22,34.3782204813153
7,22,4.821243855939333
8,22,42.19828751584775
9,22,41.75078960724989
10,22,45.46779405285772
11,22,20.957475023445905
12,22,26.016120223892536
13,22,18.882504559208787
14,22,27.340172992410515
15,22,22.089100298687065
16,22,22.089100298687065
17,22,29.415383254246706
18,22,19.337873327829836
19,22,6.3458945616003755
20,22,6.3458945616003755
21,22,13.628242483035525
22,22,20.04247396750568
23,22,20.607389029217156
24,22,17.35218664434242
25,22,19.76211122183656
26,22,3.3654908063029514
27,22,3.3654908063029514
28,22,19.141133092015174
29,22,9.886419081676422
30,22,0.38225315445737823
31,22,1.414345066632746
32,22,34.94446586734696
33,22,23.191982820131344
34,22,18.892211498204237
35,22,12.26682034070698
36,22,14.580403807535763
37,22,9.876416796570428
38,22,9.476497173306115
39,22,16.339752584155757
40,22,13.82546623842429
41,22,10.77880326208803
42,22,19.305285103119935
43,22,19.67242994151387
44,22,19.66933173945187
45,22,14.907834465933725
46,22,7.090527534551347
47,22,10.254898803536376
48,22,12.044818103783347
49,22,11.74521241618098
50,22,18.089256565828272
51,22,9.633267171004295
52,22,9.341476468781456
53,22,27.729868475039094
54,22,21.946323009304102
55,22,8.31133932065646
56,22,12.168008158998028
57,22,19.028239677809488
58,22,11.678500697549289
59,22,8.765200464695337
60,22,11.496169035425805
61,22,21.08100167042448
62,22,9.936559072700264
63,22,21.270068802838082
64,22,21.270068802838082
65,22,22.151135331524078
66,22,21.8367706862892
67,22,6.935609340411894
68,22,10.503824066723427
69,22,7.202614704905583
70,22,7.202614704905583
71,22,12.859133739871709
72,22,12.859133739871709
73,22,12.859133739871709
74,22,14.558990405484002
75,22,25.550589151060123
76,22,22.80513512391994
77,22,24.397425719252514
78,22,22.35268211723217
79,22,6.521518469253658
80,22,6.3897026223466
81,22,15.181849840606295
82,22,19.601603859784543
83,22,7.790501194069608
84,22,11.52953280108925
85,22,21.073702211533842
86,22,15.826502282891393
87,22,5.115284927301237
88,22,10.19050422641924
89,22,10.482226251977773
90,22,14.343312002112631
91,22,5.861066224256309
92,22,12.614111983545426
93,22,13.202084685928043
94,22,5.717046236804822
95,22,16.492224343607315
96,22,12.23962409341372
97,22,15.191484887362211
98,22,22.637387021447033
99,22,15.366591173703444
0,23,48.43776124208247
1,23,39.7422432390838
2,23,31.042749994042133
3,23,35.47165664436526
4,23,19.8322059279092
5,23,33.79067849795386
6,23,22.843803128430224
7,23,21.657468681171164
8,23,20.535290980470016
9,23,22.4470960561693
10,23,19.165723114239054
11,23,2.763255042409239
12,23,12.863107102967843
13,23,13.244128889904268
14,23,15.650650271387477
15,23,23.278926762413654
16,23,16.271914028746654
17,23,36.205080755970506
18,23,29.446849930640482
19,23,6.550347309786099
20,23,17.291112749891198
21,23,6.744495658224374
22,23,10.769257023198975
23,23,8.093984523410217
24,23,4.438231397304579
25,23,17.092317637840196
26,23,7.676802691674917
27,23,12.202408355501694
28,23,4.742300385214184
29,23,15.966159358497308
30,23,17.248609844506387
31,23,24.297615608043458
32,23,19.291445408947773
33,23,2.198418714485678
34,23,18.375743331213766
35,23,10.86652428476209
36,23,5.039630711697481
37,23,5.102301761354251
38,23,18.662935734778106
39,23,17.34367012008466
40,23,17.34367012008466
41,23,4.0338555500046445
42,23,9.328362769324931
43,23,3.642730584535829
44,23,1.246742002545646
45,23,0.9998628876207134
46,23,0.9252391393284263
47,23,2.424803386405653
48,23,5.507623801137885
49,23,2.736981150477415
50,23,1.6763007938083332
51,23,9.46702044808867
52,23,0.5145199029606904
53,23,9.408362327558114
54,23,6.511648701882033
55,23,6.556461269781903
56,23,15.896137366083027
57,23,19.41937583733392
58,23,21.762129514143723
59,23,29.464413402750452
60,23,22.469386060288024
61,23,9.79650840324117
62,23,8.210895742129042
63,23,9.24815547521315
64,23,8.990129498595724
65,23,7.210013298820688
66,23,5.700683499209033
67,23,7.210013298820688
68,23,4.758980628301702
69,23,9.494277861914204
70,23,6.763999901989726
71,23,7.600238282376111
72,23,19.97744191545504
73,23,31.831837806649542
74,23,4.20647756387134
75,23,17.12547568522322
76,23,12.257872533204669
77,23,6.175052876434544
78,23,5.017224315764141
79,23,10.925465041144172
80,23,10.890945662919373
81,23,14.712801997445013
82,23,13.169502267928184
83,23,10.385299109738309
84,23,8.736703681973554
85,23,8.442662324025632
86,23,8.442662324025632
87,23,6.727632412802448
88,23,6.8109489332259034
89,23,10.995864034309509
90,23,9.519236144080272
91,23,5.038716911254646
92,23,23.40523325448099
93,23,11.4127005486144
94,23,21.279351038795575
95,23,21.461294459428693
96,23,23.92055700734055
97,23,27.61088784387247
98,23,28.26319593223934
99,23,28.389941769809624
0,24,43.96657092643999
1,24,40.94571958127786
2,24,43.82482090322827
3,24,47.08396382728764
4,24,37.43275543957439
5,24,36.76888420716338
6,24,40.5755368233423
7,24,22.026325789550498
8,24,30.746021183379654
9,24,30.5896414208399
10,24,30.81597159212877
11,24,21.139468359015844
12,24,19.025120361739653
13,24,11.623511488937357
14,24,7.462644998272232
15,24,24.13195266950492
16,24,20.683313499617704
17,24,11.971458797684027
18,24,11.61610615459076
19,24,15.410046928895786
20,24,23.215975386580432
21,24,21.41294754975871
22,24,12.615904187558804
23,24,12.005363946614597
24,24,11.728569698217372
25,24,11.317649148234747
26,24,11.317649148234747
27,24,12.807161181397753
28,24,7.690380742790406
29,24,14.486404603967982
30,24,17.68146671964884
31,24,37.251370255288315
32,24,26.665417283851887
33,24,20.573361842462248
34,24,30.205211596859776
35,24,18.779847304183754
36,24,22.493936571831625
37,24,30.814789661465525
38,24,14.886930454215662
39,24,24.716682290716303
40,24,12.269952729448574
41,24,12.862689317193214
42,24,19.428760258390007
43,24,9.463425123018482
44,24,19.223957185770292
45,24,21.244764544237075
46,24,12.148713671100875
47,24,12.59723290825945
48,24,19.620541084690096
49,24,16.858819804526654
50,24,6.960499928569785
51,24,24.18422694795126
52,24,16.745176779928343
53,24,19.05751104107302
54,24,15.085284348587301
55,24,13.617011408108374
56,24,13.617011408108374
57,24,11.788829242791339
58,24,11.788829242791339
59,24,29.42593112704465
60,24,8.02144124223968
61,24,4.548621956893575
62,24,13.700145003841163
63,24,22.48558509274318
64,24,19.515762961018734
65,24,9.53622531453683
66,24,9.53622531453683
67,24,9.53622531453683
68,24,6.828126371469604
69,24,5.269982045083671
70,24,4.632141337399897
71,24,2.0111483948761104
72,24,4.926822231164282
73,24,4.439525192754905
74,24,3.3343449982201987
75,24,7.132947454335598
76,24,7.132947454335598
77,24,11.83889167394875
78,24,11.905856060871036
79,24,11.905856060871036
80,24,9.932464285123185
81,24,7.58614432570045
82,24,4.9029152910194265
83,24,4.9029152910194265
84,24,26.23792213096627
85,24,26.23792213096627
86,24,23.658420885815083
87,24,16.83373691013073
88,24,16.209881590327132
89,24,23.30616835568034
90,24,15.423147191499687
91,24,13.601546748537237
92,24,17.32809135895353
93,24,11.093590779977568
94,24,4.244777001708529
95,24,19.46585561174307
96,24,20.408723472157167
97,24,15.253422193864342
98,24,11.505977598484384
99,24,16.549810772313496
0,25,51.92421665227951
1,25,26.62326973876003
2,25,20.456678493214454
3,25,26.709647267022877
4,25,28.340895644041574
5,25,30.898233403191256
6,25,14.244073115753569
7,25,32.82710805406516
8,25,17.179065189050657
9,25,23.351853269814775
10,25,17.636135836568577
11,25,17.021987694910937
12,25,15.643000771752732
13,25,15.643000771752732
14,25,17.86318801180171
15,25,17.902886087283818
16,25,11.428080787487922
17,25,20.317187521428004
18,25,24.919470195362706
19,25,27.49899612654501
20,25,3.125293948216281
21,25,27.6523705789218
22,25,20.137124683755708
23,25,22.58125709054266
24,25,19.557680879314923
25,25,26.8775627692894
26,25,22.101821447180207
27,25,29.546702039791214
28,25,13.381171047239706
29,25,25.462432925065535
30,25,25.67695431046315
31,25,6.738949641377287
32,25,18.359357780956973
33,25,22.707098227122042
34,25,23.07351499509531
35,25,23.07351499509531
36,25,12.237884331709871
37,25,12.237884331709871
38,25,7.954505248231235
39,25,14.315178861166206
40,25,18.04526567178119
41,25,14.933793894925294
42,25,22.204501369733347
43,25,17.764017252118073
44,25,12.54612513194665
45,25,9.080651979689954
46,25,20.151121723453535
47,25,12.765332406993938
48,25,13.63216470379969
49,25,12.980554851439788
50,25,11.83966185515579
51,25,21.5885740531496
52,25,12.459545424959982
53,25,12.459545424959982
54,25,10.47806670939677
55,25,16.1724363105015
56,25,1.7231347737830456
57,25,11.465573372018714
58,25,11.465573372018714
59,25,9.191589600257672
60,25,22.950311667125185
61,25,22.888624278661627
62,25,7.672508573131341
63,25,7.672508573131341
64,25,7.1466033777769535
65,25,7.4167469401497845
66,25,12.996608560619292
67,25,15.945526186112545
68,25,12.297680875630878
69,25,14.28747506651786
70,25,10.597253196407348
71,25,3.641169765519433
72,25,3.641169765519433
73,25,2.2603935505657686
74,25,0.674140595338514
75,25,17.235524026828564
76,25,7.011661911900682
77,25,4.301317980324741
78,25,4.301317980324741
79,25,4.301317980324741
80,25,6.138266062697189
81,25,6.904045838913092
82,25,6.904045838913092
83,25,5.836511052557606
84,25,3.753284484431939
85,25,11.876166554893821
86,25,10.813302475468092
87,25,18.702045748543416
88,25,8.89581966168511
89,25,10.39123297256812
90,25,10.34095457928732
91,25,13.201905479230437
92,25,11.810528750233413
93,25,10.05924641034579
94,25,13.215200259933916
95,25,7.549600856421825
96,25,7.555124949010341
97,25,7.673800883141835
98,25,7.673800883141835
99,25,7.700411007933506
0,26,66.41354618816342
1,26,67.98020796977303
2,26,60.00658488234925
3,26,63.921230848549214
4,26,50.49901642731502
5,26,46.15217141244933
6,26,58.57413737931111
7,26,43.604645475243494
8,26,50.69683629228794
9,26,54.30596733083183
10,26,54.05242685970942
11,26,45.713439983544696
12,26,43.35928990571509
13,26,43.35928990571509
14,26,29.268131202153732
15,26,33.933792015042755
16,26,33.933792015042755
17,26,35.77442418843862
18,26,28.086143822021505
19,26,44.02138091630225
20,26,30.35669920382274
21,26,37.273687796091686
22,26,37.273687796091686
23,26,37.273687796091686
24,26,24.12608345483742
25,26,28.561622708240854
26,26,31.122662640770685
27,26,22.904169600883343
28,26,18.161530884264664
29,26,20.909732618027085
30,26,30.8752798396739
31,26,13.464574320808396
32,26,25.460571810809313
33,26,5.840608714699922
34,26,18.46048474316179
35,26,9.372763085535551
36,26,9.546955466628452
37,26,25.15151453503473
38,26,20.029224347994862
39,26,15.451115108845793
40,26,5.17103644564306
41,26,10.51891355443778
42,26,9.639884809884911
43,26,9.671020899287637
44,26,16.355917933538024
45,26,11.181721084043089
46,26,6.492324856218164
47,26,7.914459023065515
48,26,5.5517616008365
49,26,5.5517616008365
50,26,24.913237791743676
51,26,5.124594089106493
52,26,3.8523367304573988
53,26,3.8523367304573988
54,26,8.488968995494151
55,26,4.764232304840249
56,26,5.3475384950299265
57,26,5.670943256695886
58,26,12.573542956094574
59,26,11.346740803227082
60,26,6.472054555551245
61,26,13.318956868354277
62,26,15.912135192650258
63,26,7.101572999516693
64,26,1.3436283811121976
65,26,18.435347048422653
66,26,21.448479523995275
67,26,11.447547300414538
68,26,11.447547300414538
69,26,18.42703609999805
70,26,22.478770862765614
71,26,28.551713515839115
72,26,26.767693981931792
73,26,25.267774931107084
74,26,26.911235047158385
75,26,8.854850451467875
76,26,10.50413675079372
77,26,10.50413675079372
78,26,20.83216845506417
79,26,21.071605972206065
80,26,8.792678289642641
81,26,21.865686218172286
82,26,19.745491204874348
83,26,25.52934276241188
84,26,25.52934276241188
85,26,11.632569200299328
86,26,20.311932157108416
87,26,14.894273014067235
88,26,9.319154064071242
89,26,15.174237788714679
90,26,25.64589779422904
91,26,12.49202729741262
92,26,20.839487458119002
93,26,23.083796153334614
94,26,10.134711468874787
95,26,26.113938150526717
96,26,7.4917922333328955
97,26,13.455445656492447
98,26,20.37367158179912
99,26,20.37367158179912
0,27,29.692273500378686
1,27,27.733771424040665
2,27,27.78728579769155
3,27,20.554906378656394
4,27,18.138867614733222
5,27,16.83651241721831
6,27,9.370693316944845
7,27,12.169697205714971
8,27,17.30662442004803
9,27,14.763240204157569
10,27,10.366390878570781
11,27,19.253282467797703
12,27,20.882562294721602
13,27,8.408147569962056
14,27,6.558863194486701
15,27,17.07582363013046
16,27,21.987872933804958
17,27,8.275205691853294
18,27,8.275205691853294
19,27,5.797130160063755
20,27,5.317060660302799
21,27,5.074806783428833
22,27,7.1190133189429705
23,27,11.42205751509212
24,27,9.554551619044247
25,27,4.977599488636132
26,27,13.966930024878145
27,27,1.443001581361529
28,27,3.205962274711466
29,27,16.203381811522398
30,27,9.050877378788606
31,27,14.331355267791807
32,27,17.526601346341003
33,27,14.105505824096543
34,27,13.395617107104357
35,27,14.476334243010562
36,27,19.009647064000482
37,27,27.106881969907793
38,27,14.21577264412586
39,27,14.614240993142012
40,27,20.317184565972582
41,27,20.317184565972582
42,27,11.581781059323374
43,27,21.05990036720757
44,27,21.05990036720757
45,27,7.97262380963959
46,27,14.323260036058256
47,27,9.628779191536566
48,27,12.113889949105609
49,27,9.915833381959198
50,27,9.951974638087833
51,27,10.337904987336023
52,27,9.83734470656994
53,27,8.935449819430431
54,27,11.08624749711609
55,27,26.156382647736937
56,27,10.776965549677548
57,27,24.094866174784414
58,27,8.73182121619179
59,27,8.73182121619179
60,27,3.9149804562503325
61,27,12.603974328367462
62,27,11.424683995381722
63,27,8.061681155038151
64,27,8.061681155038151
65,27,10.253309937643351
66,27,24.797552572818113
67,27,23.65533277463083
68,27,17.952205589625464
69,27,17.86705358450101
70,27,12.98562933107995
71,27,16.28378253789917
72,27,16.44036365377999
73,27,13.55169864372429
74,27,18.181229199514572
75,27,21.448936718593437
76,27,16.218083086649234
77,27,23.20397282332661
78,27,14.67824159367348
79,27,17.009384646542404
80,27,13.383087231505948
81,27,19.059545553347387
82,27,18.946031880743135
83,27,10.519052140971688
84,27,21.56627540772391
85,27,10.82665856393407
86,27,10.294693306102614
87,27,10.294693306102614
88,27,3.1327636575003592
89,27,19.52473950600897
90,27,11.01307019367078
91,27,4.289632092260188
92,27,4.289632092260188
93,27,10.495025994546312
94,27,9.460455495126087
95,27,21.285840425493728
96,27,9.029815910685626
97,27,9.106451919519877
98,27,3.4296978854815214
99,27,7.264192290724603
0,28,38.31657575514288
1,28,50.38241528484007
2,28,14.86818661792666
3,28,14.86818661792666
4,28,14.86818661792666
5,28,17.081204167341127
6,28,47.56172642958448
7,28,37.41074154716499
8,28,37.847645033653976
9,28,35.579595136446
10,28,31.242697550887137
11,28,26.68216215837736
12,28,27.50260065039554
13,28,17.010827385106577
14,28,17.78623587128232
15,28,17.211612229799833
16,28,18.970380964345967
17,28,20.097458950512305
18,28,19.970274506721086
19,28,35.38196077469872
20,28,10.787289602304526
21,28,11.593212528617787
22,28,11.593212528617787
23,28,11.654289600502105
24,28,14.17069165714168
25,28,12.128675057403349
26,28,12.128675057403349
27,28,13.253186983871004
28,28,15.465693655801676
29,28,15.762241713966429
30,28,16.02032078021922
31,28,16.02032078021922
32,28,27.14351662185495
33,28,20.544565279881386
34,28,9.793011331067921
35,28,23.392461513797414
36,28,13.400508484100698
37,28,14.633313740714527
38,28,37.43493749627657
39,28,33.100490619305816
40,28,24.801329530329614
41,28,27.846188705399634
42,28,22.541062168740602
43,28,11.23423144053462
44,28,10.68089152639947
45,28,18.165159559626915
46,28,12.827294144492576
47,28,21.534296564881274
48,28,25.73467332035965
49,28,24.971034333121246
50,28,30.582286003086573
51,28,14.650655859377851
52,28,30.446469295768754
53,28,17.759115954512676
54,28,21.328324742724853
55,28,3.548868212776999
56,28,5.125388077554253
57,28,5.700908531452807
58,28,5.0458661107574185
59,28,9.316167954941287
60,28,13.442054834837514
61,28,13.510972566987421
62,28,13.635065054831284
63,28,13.635065054831284
64,28,6.426185265740676
65,28,4.424990241507941
66,28,4.424990241507941
67,28,6.980761312415544
68,28,7.427887520693881
69,28,15.606587812286328
70,28,23.623729730484587
71,28,8.107708923742528
72,28,29.035823185743727
73,28,16.712640868559134
74,28,16.712640868559134
75,28,15.658824798149098
76,28,12.447349730786803
77,28,13.624822327844328
78,28,2.7817261510944897
79,28,4.636906107310194
80,28,2.2265276900659954
81,28,9.585366620191888
82,28,8.274820330935192
83,28,14.579365558012995
84,28,3.991496224265827
85,28,14.969689698658605
86,28,13.74838360124545
87,28,11.21520854210796
88,28,21.6565793719278
89,28,20.265476541518066
90,28,8.243744637311154
91,28,20.265476541518066
92,28,29.607860561344925
93,28,12.39169614907121
94,28,14.225822446824182
95,28,3.388960296555318
96,28,8.931539589881416
97,28,0.21747916791129604
98,28,10.13776101719021
99,28,7.785645823543673
0,29,59.7174897529263
1,29,47.000560628692654
2,29,46.8976659246021
3,29,49.47909633609083
4,29,48.27855667180071
5,29,56.23812831179244
6,29,46.75189650002001
7,29,33.146240220198784
8,29,19.768527900033646
9,29,22.80887655867443
10,29,31.1984696290379
11,29,28.713630159940227
12,29,23.132866070707497
13,29,29.356006598103534
14,29,27.367775953741184
15,29,25.728902993912683
16,29,47.29530857659885
17,29,27.05906724828781
18,29,19.41836355288118
19,29,16.044463746986924
20,29,33.61586158601837
21,29,36.26394106479949
22,29,38.72537450408878
23,29,30.09293787384972
24,29,21.016713874411884
25,29,21.016713874411884
26,29,26.295980516496066
27,29,5.899896668576011
28,29,4.792218804370272
29,29,30.43027013904423
30,29,36.28053275528747
31,29,19.78410178194297
32,29,15.086617441420739
33,29,27.237743067432426
34,29,28.438000257829223
35,29,16.611134162415738
36,29,16.519396921758332
37,29,20.650180980821563
38,29,25.595037418340485
39,29,18.640043116896127
40,29,0.9390537293524185
41,29,6.075609475340205
42,29,11.392688067397415
43,29,23.044980788822613
44,29,15.172989165088868
45,29,10.536174155378486
46,29,12.761293580721716
47,29,5.323806013581372
48,29,10.163169636832903
49,29,15.766135931079095
50,29,5.757147054415581
51,29,16.05832309524243
52,29,11.418942574864767
53,29,13.761120863715334
54,29,13.761120863715334
55,29,18.410124267122015
56,29,12.273933278297498
57,29,14.512288793653997
58,29,10.007267719950757
59,29,10.667441239514662
60,29,18.08935017910031
61,29,10.45650328790977
62,29,15.307624451878208
63,29,18.898880459970847
64,29,14.371638182931552
65,29,10.729417445200232
66,29,13.978113042581253
67,29,10.363803797605666
68,29,18.52135136431725
69,29,1.9093107081414498
70,29,7.788563215093811
71,29,12.06329828018473
72,29,9.581656231123446
73,29,4.440889877777244
74,29,9.581656231123446
75,29,8.995275009833138
76,29,10.97878458216114
77,29,9.174441607577782
78,29,9.178116943543415
79,29,18.994705728903813
80,29,21.639188723990983
81,29,19.698200009401315
82,29,22.57363961312174
83,29,22.57363961312174
84,29,15.917511812469767
85,29,32.104560724844184
86,29,13.653918997130766
87,29,18.395970254654742
88,29,3.2615489413695378
89,29,3.1808675521889427
90,29,9.491869559672955
91,29,9.491869559672955
92,29,14.94918419901978
93,29,17.83997684074111
94,29,18.2560766715832
95,29,23.244230872537813
96,29,19.155732090007277
97,29,12.990810230643891
98,29,24.297102344596997
99,29,27.788568002076502
